CREATE DATABASE  IF NOT EXISTS `INCOUMA` /*!40100 DEFAULT CHARACTER SET latin1 */;
USE `INCOUMA`;
-- MySQL dump 10.13  Distrib 5.7.17, for Linux (x86_64)
--
-- Host: localhost    Database: INCOUMA
-- ------------------------------------------------------
-- Server version	5.7.17-0ubuntu0.16.04.1

/*!40101 SET @OLD_CHARACTER_SET_CLIENT=@@CHARACTER_SET_CLIENT */;
/*!40101 SET @OLD_CHARACTER_SET_RESULTS=@@CHARACTER_SET_RESULTS */;
/*!40101 SET @OLD_COLLATION_CONNECTION=@@COLLATION_CONNECTION */;
/*!40101 SET NAMES utf8 */;
/*!40103 SET @OLD_TIME_ZONE=@@TIME_ZONE */;
/*!40103 SET TIME_ZONE='+00:00' */;
/*!40014 SET @OLD_UNIQUE_CHECKS=@@UNIQUE_CHECKS, UNIQUE_CHECKS=0 */;
/*!40014 SET @OLD_FOREIGN_KEY_CHECKS=@@FOREIGN_KEY_CHECKS, FOREIGN_KEY_CHECKS=0 */;
/*!40101 SET @OLD_SQL_MODE=@@SQL_MODE, SQL_MODE='NO_AUTO_VALUE_ON_ZERO' */;
/*!40111 SET @OLD_SQL_NOTES=@@SQL_NOTES, SQL_NOTES=0 */;

--
-- Table structure for table `ACL`
--

DROP TABLE IF EXISTS `ACL`;
/*!40101 SET @saved_cs_client     = @@character_set_client */;
/*!40101 SET character_set_client = utf8 */;
CREATE TABLE `ACL` (
  `id` int(11) NOT NULL AUTO_INCREMENT,
  `model` varchar(512) DEFAULT NULL,
  `property` varchar(512) DEFAULT NULL,
  `accessType` varchar(512) DEFAULT NULL,
  `permission` varchar(512) DEFAULT NULL,
  `principalType` varchar(512) DEFAULT NULL,
  `principalId` varchar(512) DEFAULT NULL,
  PRIMARY KEY (`id`)
) ENGINE=InnoDB DEFAULT CHARSET=latin1;
/*!40101 SET character_set_client = @saved_cs_client */;

--
-- Dumping data for table `ACL`
--

LOCK TABLES `ACL` WRITE;
/*!40000 ALTER TABLE `ACL` DISABLE KEYS */;
/*!40000 ALTER TABLE `ACL` ENABLE KEYS */;
UNLOCK TABLES;

--
-- Table structure for table `AccessToken`
--

DROP TABLE IF EXISTS `AccessToken`;
/*!40101 SET @saved_cs_client     = @@character_set_client */;
/*!40101 SET character_set_client = utf8 */;
CREATE TABLE `AccessToken` (
  `id` varchar(255) NOT NULL,
  `ttl` int(11) DEFAULT NULL,
  `created` datetime DEFAULT NULL,
  `userId` int(11) DEFAULT NULL,
  PRIMARY KEY (`id`)
) ENGINE=InnoDB DEFAULT CHARSET=latin1;
/*!40101 SET character_set_client = @saved_cs_client */;

--
-- Dumping data for table `AccessToken`
--

LOCK TABLES `AccessToken` WRITE;
/*!40000 ALTER TABLE `AccessToken` DISABLE KEYS */;
INSERT INTO `AccessToken` VALUES ('0CEbZosaJejc1u356eO9b8jeYefTEWyUkWfcovdR53XZHcljlphktA9PPFoAK8zR',1209600,'2017-01-31 20:51:09',10),('0FkEmJJIsRpbKYtyPQDw2Tlle6QbQD3aJYbBaJpC6IlCnhYFoyG8CGcnfmbLiAJq',1209600,'2017-01-28 19:02:20',2),('3uiyfZDzopPVEdOL1EkmNzKliFDWXRNvXMOJYLwBTAGupC2YHXmdaADx1Vkj1KV4',1209600,'2017-01-28 07:10:16',2),('3WiWB6qlB5jgd6hDDJeH3U30cOUDlZPuB9FqtNUs8WlP2teuAlBAcuTLiZVtCoRa',1209600,'2017-01-28 06:07:04',1),('5dNRbitz2LxzjCJphuud5bwZWZpdMjBhGu6WUDiVD37FyEfnLANdpIfv32Ctj8t0',1209600,'2017-01-31 20:48:50',10),('5nL1tgMtlOxbCGjDWp1LDsitO9NrRhj7cCG8hbFJWRqDQQj0GrnhjGhlKspjqHKd',1209600,'2017-01-28 18:17:53',2),('5tJheXxyT0CAngz0J6zpJRwL6VFtN5EKH5yO4wYtPG1jZuy47MNUxNGUcYTAO17I',1209600,'2017-01-28 07:16:21',2),('8f4JNoeMeEeFVtqF0hoAVzOnyE0SsIcMZhu8PCNgGCo10WKRfHERCDk4GwBD5hcd',1209600,'2017-01-28 06:01:55',2),('93mv20zBQ3pPQsgByVK2tJv7sPa2YDazmflr4VVIT26DF4TNb5ClmgBkvwD6pORy',1209600,'2017-01-28 04:19:23',2),('aDYgwRq2TtxALQAEOGqq6VCTmUAIgbCSpcTlI7sEp1UEPF5fUCSFarAcCQU9NlA3',1209600,'2017-01-31 20:47:55',10),('AKE0TPMq5agr0zEbWZ9sC48tlBFU38jrmiPhWNCJGQVjDpx06zXOTI1OPkFlN80Q',1209600,'2017-01-28 09:31:59',7),('Apbwws4vtb6Sa2RfC98HDhZswwQ0uI4fBOyB6CVsG8K5uHYtpcTzUBDdgW89AfGU',1209600,'2017-01-28 17:30:51',2),('AYPeD7grHs2F7XjVg9XIAN7j8zJzB8qmUxEkWopq80DJIiAVRIynHSYXK3kImnHN',1209600,'2017-01-28 09:33:04',2),('BDwllWVrLDpcs8VD2xz6eTq2kZs1xhJ0CTTjey01A8A0uqZ6qbjCkZISuRUbz7to',1209600,'2017-01-28 08:35:38',1),('BRKA6qm1iJEaCju1Y2reesvi3iH0mfJcTS7QWSyHgdMjK8Xuydgo7uP9kjG7SVsZ',1209600,'2017-02-01 03:22:56',10),('c7B5ppRg207uwAzDAKThnyn8YYa6MHNGqlDw9EeHWC1AlmvInZG7s7kTcmNd8ZKE',1209600,'2017-01-28 20:00:10',10),('Cwd6d2i9aBF3iwmEIJvGw9f5GYw9dzWhCDbubSnkef7Gl1kZGFZcEM7kF4uYdRp7',1209600,'2017-01-28 05:40:45',2),('DDArfwf11MAk6R7dcQSCaGKDuROj0UCKJjxSPE81jUmm0PnE0p6pz0risUTxQP7A',1209600,'2017-01-28 03:02:35',1),('DeCTMx2fLpZDbahUXdr2NVLJwR0ojqsJVh6JbyEZ7H9McHXIdzm9jhB8XmJuKhoM',1209600,'2017-01-28 06:02:55',1),('drMPZtPElcuE6QZ39vrUQKEqF704QVBvSRuJ9OlRJEtgQ6tbStJ7tBYlRGd9zyBH',1209600,'2017-01-28 20:49:02',9),('EIjouD8Rw0EMr1HtUPwBgC9JFoW5Wgtoe80CtgqPK8hMX4ClMEDP7f2Tc1AXeth6',1209600,'2017-01-28 08:51:46',2),('eOLCDdQHTWH5JfhVvTc9Ehg4gh32qNco2B0IV6NnFOU1L0voF8WxrUt89yQH7ica',1209600,'2017-01-31 20:48:17',9),('evAl3IO0udWwubVl92H99Op3J5zWyh7lMDfzEDaUVCQpnoXAaBioim5DYQjwNCTE',1209600,'2017-01-28 19:43:19',10),('Ey4bnh0Bna2M1wyexQUyfc1gFt5ddIdJLOg5ZlAoe6IIF6lanAm0lf7MyEYqhUJJ',1209600,'2017-02-01 03:37:45',9),('fQpmAKq4mnCBIYY0tyPSMcmRtwzmuJ1cffgHsZZKeBfQmpKJRrNwMItW2HvkAh2w',1209600,'2017-01-28 08:51:58',1),('g7oTiHAkO9B9rrSoCSramdpN274TtpFWcImctpR7RzpXgoZPzvN8frGtiWnZZvAK',1209600,'2017-01-28 06:01:38',1),('GEMHRNLNPXLaEPmHDaAZhRDoIq5sP0s0m3RIsuX7wc4zAiFte0hCIj5vciiN46Oz',1209600,'2017-01-28 05:40:35',1),('gwfqokLev30G9R6x3N7zTbTU9XqAxJPb5JAi77K2z8uZHEuQaFVgQztj0jIwCDoO',1209600,'2017-01-28 06:11:58',2),('HDz4uHK70eGe1QmJb9RQRyklPF9mQ7Skl3H6hsmxKC5nYg0K9Z0wRoDXD9UzSoLm',1209600,'2017-02-01 03:39:07',10),('HkyP4x5Tspvi2E8JFxfv39Mys7R0rskUTbAhyPKTUvYXQIYvKZLjY232TyYt0lFB',1209600,'2017-01-28 09:05:06',2),('If4fexsiYE36rTvbpl65kEms60yYBMuJUDEKNHs0YVihzBgka9QLCkkZsHNx6j24',1209600,'2017-01-28 08:55:28',1),('ixIzTxZtsG5w4xRUmIekEFegUigD8b8d9pwC8vaAq0BZhBQiNQq8hvCsZK3XCWcS',1209600,'2017-01-28 05:28:28',2),('jYhLs1kHyDTziqCkAJ4pwAM0iSw83NEo8PQC5I5QcUB8IqHuex8TY6M9esjrJhcO',1209600,'2017-01-31 20:50:52',10),('kkSHbPJZ7PDb3TBSBsA5Z18L1CvnTS8gwTDTlY69U0KHJrTxABkrj11coLLbVmZf',1209600,'2017-01-28 06:07:16',2),('Lfb9rb2QUHxYyCGa5YIfuLsofpunTBpedJFnbXXcaHIzII3MwBzIhhoEP45CZuXZ',1209600,'2017-01-28 04:47:56',1),('mac1NYE2YpaX2d0FQ0EAI1hVcO29NcYNuJreP26SjMvZ0kAHuDhk9KaEZvMieTLW',1209600,'2017-01-31 20:49:16',10),('MqUIaSYKHAYA0OUmqhGeGz5qV4EGPeI5g4dZn34lJF8b76C7lLbh4QQDhoqovldW',1209600,'2017-01-28 08:45:45',2),('nxYyZh8SIJpnJNinPqcbZaJihc04NmUDDS6Hwnl5WLU16yME5C4NNFCaJBtEeENe',1209600,'2017-01-28 06:11:45',1),('p6zAz8Y7CQsg1HN5Ao53gbUFfhpTX4t8V5DgNIG5wL4btcCFYu6XaC0sBz9Fel00',1209600,'2017-01-28 19:04:52',2),('PWLqC6UpvcKpzIkSizBLt6HCGgaqAiX0Ice4DfDjTlziC4Bg7N50B7vvpFyyAnO5',1209600,'2017-01-28 19:56:56',10),('q48uvP1bGAJ9oDow3D3hzZqAQHCLtyjrAxz6z6F6aShzBzTcs5Q7pntBuVhszV2a',1209600,'2017-01-28 04:25:37',2),('qVFe8AaefgfXPCmWAvkQtQITDxeU7HjGwLsVUbcmMcLiYW69WRM5tFdG8U71fG9L',1209600,'2017-01-28 04:48:09',2),('qwp4iRUuirwz0AmarZGJ29F5ce6cXylvCir9DQuKoMW5vv1ygeRjYFUGo1UkE0oU',1209600,'2017-01-28 08:53:44',2),('rH7JUL8kDA0iDHMsTA7zZFyESUXnSAhu7gtCWXZ3BbfKPprd6NwPJXBt0iHpBAoL',1209600,'2017-01-28 20:27:32',9),('RrH3nGazCD5F0EusFCPIqYmcTU4OSGjwHiO7WigDknsP8ojWaoumwxxruoCZsrXc',1209600,'2017-01-28 16:43:18',1),('rsIkZ0vDEJkTnjPswlnyNrXimHUK2yk0sw0gMUBXBeuFpZkGaI1gNyn4GXWZduud',1209600,'2017-01-28 04:23:51',1),('SJAUKlS9wrFFQvKYLnHOa9Ihl8dd7LIJ9SZEiu9T7XMYW6jWXzMF0P6r8geA0CNM',1209600,'2017-01-31 20:51:00',10),('UeK5hAgeF5qBs9i4wQvaZeE11Sz5UnLGla71UnrkVMAtv2nNTWMK2ZOBex8FD3mp',1209600,'2017-01-28 09:12:06',1),('uGxNkfwSNoeWzzHYkFKUrza6DygmxTwBoY5gH5qETkdwOYSaa1uCqpXgBXaP82fY',1209600,'2017-01-28 20:04:14',10),('UVaDT42k6HYfAQLzPTQpt4H3vklRclIlXhEdl5jSVE8JrolvfEvQFlTaNk5oTZQE',1209600,'2017-01-28 05:58:29',1),('VmzOSPo2OGY6TT4NOhdkWMlYAr1okbRV8EcdTWYYTBzOIiP1GJs2L4EFvSrH0x1o',1209600,'2017-01-28 19:42:23',9),('W5HECnTNEjiYPC6VfTJosB4aEbtZ0Kg7MzCOOQfxn189Z5Dz5qsStyCThkTyA4Sk',1209600,'2017-01-28 19:44:22',9),('XC2XR8mXzoTXoyxNCz8nD6v9TciheH1XBmkghwRjJzu9WzqssLTA8rEvIFR3cBNG',1209600,'2017-02-01 03:51:29',10),('xEKpYuNF3PgPtdMiVrDEUjnxufCGwFDr7N5GJV4QF2xub06Ke2JqBUTAvRdlkZju',1209600,'2017-01-28 09:16:34',2),('xi0qRoRs0wc4Twp08zSh134Kq1wGnNHK5ISvIArxwqoC4iqS0C5Lk26cYUYyEied',1209600,'2017-01-31 20:51:25',10),('xKnRWheMw3F056yqwljtGzS3QXq1k1Uj8vk36uPtSjKEYsUqQD0mTERqzScoWsBC',1209600,'2017-01-28 08:30:34',1),('XnyqyjBil8dd5MzYc884Ih3o48H2BCZjlI2q2zetisecBlN7Sa8BUw4y9k95bTY9',1209600,'2017-01-28 06:00:31',1),('XwFAJqKfy5JJZd1qZxqV4Bxvbm7H68SNEuCY4kJRQtyerWttyL5NLV17J8K7Rgpp',1209600,'2017-01-31 20:51:04',10),('yB7XOEAq0whTSV7K7LTbK0ir1pTAWi4EebVBDPwgso14J4HRZupMXqSuB1l26VBl',1209600,'2017-01-28 19:15:17',10),('yjxW9fXgdEOGdbIgvvTBNyU4nYXVEx9pQiDlAVH1GKnQAfNT54uwbJZL9AB6wgrB',1209600,'2017-01-28 03:46:44',1),('Ym8u4Gw2AxH67HmwKilyTkScYr3ZEGbEqAREujDuzyKlPmFdT99mV1AvKmxrJez7',1209600,'2017-01-28 08:49:32',1),('zqUT5YYF0H15zuWpBmj4lKOzS7xadkGUfilpSuQmCEC9ruXCrCArWc7VId45XXki',1209600,'2017-01-28 20:50:50',10);
/*!40000 ALTER TABLE `AccessToken` ENABLE KEYS */;
UNLOCK TABLES;

--
-- Table structure for table `Role`
--

DROP TABLE IF EXISTS `Role`;
/*!40101 SET @saved_cs_client     = @@character_set_client */;
/*!40101 SET character_set_client = utf8 */;
CREATE TABLE `Role` (
  `id` int(11) NOT NULL AUTO_INCREMENT,
  `name` varchar(512) NOT NULL,
  `description` varchar(512) DEFAULT NULL,
  `created` datetime DEFAULT NULL,
  `modified` datetime DEFAULT NULL,
  PRIMARY KEY (`id`)
) ENGINE=InnoDB AUTO_INCREMENT=3 DEFAULT CHARSET=latin1;
/*!40101 SET character_set_client = @saved_cs_client */;

--
-- Dumping data for table `Role`
--

LOCK TABLES `Role` WRITE;
/*!40000 ALTER TABLE `Role` DISABLE KEYS */;
INSERT INTO `Role` VALUES (1,'admin',NULL,'2017-01-28 08:26:14','2017-01-28 08:26:14'),(2,'supervisor',NULL,'2017-01-28 08:28:03','2017-01-28 08:28:03');
/*!40000 ALTER TABLE `Role` ENABLE KEYS */;
UNLOCK TABLES;

--
-- Table structure for table `RoleMapping`
--

DROP TABLE IF EXISTS `RoleMapping`;
/*!40101 SET @saved_cs_client     = @@character_set_client */;
/*!40101 SET character_set_client = utf8 */;
CREATE TABLE `RoleMapping` (
  `id` int(11) NOT NULL AUTO_INCREMENT,
  `principalType` varchar(512) DEFAULT NULL,
  `principalId` varchar(255) DEFAULT NULL,
  `roleId` int(11) DEFAULT NULL,
  PRIMARY KEY (`id`),
  KEY `principalId` (`principalId`)
) ENGINE=InnoDB AUTO_INCREMENT=8 DEFAULT CHARSET=latin1;
/*!40101 SET character_set_client = @saved_cs_client */;

--
-- Dumping data for table `RoleMapping`
--

LOCK TABLES `RoleMapping` WRITE;
/*!40000 ALTER TABLE `RoleMapping` DISABLE KEYS */;
INSERT INTO `RoleMapping` VALUES (1,'USER','6',1),(2,'USER','7',2),(3,'USER','8',1),(4,'USER','1',1),(5,'USER','2',2),(6,'USER','9',1),(7,'USER','10',2);
/*!40000 ALTER TABLE `RoleMapping` ENABLE KEYS */;
UNLOCK TABLES;

--
-- Table structure for table `Users`
--

DROP TABLE IF EXISTS `Users`;
/*!40101 SET @saved_cs_client     = @@character_set_client */;
/*!40101 SET character_set_client = utf8 */;
CREATE TABLE `Users` (
  `id` int(11) NOT NULL AUTO_INCREMENT,
  `tipo` varchar(512) NOT NULL,
  `realm` varchar(512) DEFAULT NULL,
  `username` varchar(512) DEFAULT NULL,
  `password` varchar(512) NOT NULL,
  `credentials` text,
  `challenges` text,
  `email` varchar(512) NOT NULL,
  `emailVerified` tinyint(1) DEFAULT NULL,
  `verificationToken` varchar(512) DEFAULT NULL,
  `status` varchar(512) DEFAULT NULL,
  `created` datetime DEFAULT NULL,
  `lastUpdated` datetime DEFAULT NULL,
  PRIMARY KEY (`id`)
) ENGINE=InnoDB AUTO_INCREMENT=11 DEFAULT CHARSET=latin1;
/*!40101 SET character_set_client = @saved_cs_client */;

--
-- Dumping data for table `Users`
--

LOCK TABLES `Users` WRITE;
/*!40000 ALTER TABLE `Users` DISABLE KEYS */;
INSERT INTO `Users` VALUES (9,'Administrador',NULL,'Higari','$2a$10$P9KwNxPfxo1bGfZcdCCMmuxvKvmVgmHhN1b2VsrLIyGHRZq0uf.He',NULL,NULL,'higari@gmail.com',0,NULL,NULL,NULL,NULL),(10,'Supervisor',NULL,'Cubano','$2a$10$Uil.ojKM/9/S4Ahp2g24JeoMBMM35EaE7A6CHZFHeqz2NCflO5VKi',NULL,NULL,'cubano@gmail.com',0,NULL,NULL,NULL,NULL);
/*!40000 ALTER TABLE `Users` ENABLE KEYS */;
UNLOCK TABLES;

--
-- Table structure for table `agentes`
--

DROP TABLE IF EXISTS `agentes`;
/*!40101 SET @saved_cs_client     = @@character_set_client */;
/*!40101 SET character_set_client = utf8 */;
CREATE TABLE `agentes` (
  `id` int(11) NOT NULL AUTO_INCREMENT,
  `supervisor` int(11) NOT NULL,
  `agente` varchar(512) NOT NULL,
  `password` varchar(512) NOT NULL,
  `comision` decimal(11,2) NOT NULL,
  PRIMARY KEY (`id`),
  KEY `fk_agentes_1_idx` (`supervisor`),
  CONSTRAINT `fk_agentes_1` FOREIGN KEY (`supervisor`) REFERENCES `Users` (`id`)
) ENGINE=InnoDB AUTO_INCREMENT=7 DEFAULT CHARSET=latin1;
/*!40101 SET character_set_client = @saved_cs_client */;

--
-- Dumping data for table `agentes`
--

LOCK TABLES `agentes` WRITE;
/*!40000 ALTER TABLE `agentes` DISABLE KEYS */;
INSERT INTO `agentes` VALUES (4,10,'Carlos','123',10.00),(5,10,'Josue','123',15.00),(6,10,'Juan','123',12.50);
/*!40000 ALTER TABLE `agentes` ENABLE KEYS */;
UNLOCK TABLES;

--
-- Table structure for table `sorteos`
--

DROP TABLE IF EXISTS `sorteos`;
/*!40101 SET @saved_cs_client     = @@character_set_client */;
/*!40101 SET character_set_client = utf8 */;
CREATE TABLE `sorteos` (
  `fecha` datetime NOT NULL,
  `sorteo` int(11) NOT NULL,
  `nganador` varchar(512) DEFAULT NULL,
  PRIMARY KEY (`sorteo`),
  UNIQUE KEY `sorteo_UNIQUE` (`sorteo`)
) ENGINE=InnoDB DEFAULT CHARSET=latin1;
/*!40101 SET character_set_client = @saved_cs_client */;

--
-- Dumping data for table `sorteos`
--

LOCK TABLES `sorteos` WRITE;
/*!40000 ALTER TABLE `sorteos` DISABLE KEYS */;
INSERT INTO `sorteos` VALUES ('2017-02-01 03:38:13',1001,'');
/*!40000 ALTER TABLE `sorteos` ENABLE KEYS */;
UNLOCK TABLES;

--
-- Table structure for table `vdiaria`
--

DROP TABLE IF EXISTS `vdiaria`;
/*!40101 SET @saved_cs_client     = @@character_set_client */;
/*!40101 SET character_set_client = utf8 */;
CREATE TABLE `vdiaria` (
  `id` int(11) NOT NULL AUTO_INCREMENT,
  `sorteo` int(11) NOT NULL,
  `fecha` datetime NOT NULL,
  `numero` int(11) NOT NULL,
  `venta` int(11) NOT NULL,
  `agente` int(11) NOT NULL,
  PRIMARY KEY (`id`),
  KEY `fk_vdiaria_1_idx` (`sorteo`),
  KEY `fk_vdiaria_3_idx` (`agente`),
  CONSTRAINT `fk_vdiaria_1` FOREIGN KEY (`sorteo`) REFERENCES `sorteos` (`sorteo`) ON DELETE NO ACTION ON UPDATE NO ACTION,
  CONSTRAINT `fk_vdiaria_3` FOREIGN KEY (`agente`) REFERENCES `agentes` (`id`) ON DELETE NO ACTION ON UPDATE NO ACTION
) ENGINE=InnoDB AUTO_INCREMENT=157 DEFAULT CHARSET=latin1;
/*!40101 SET character_set_client = @saved_cs_client */;

--
-- Dumping data for table `vdiaria`
--

LOCK TABLES `vdiaria` WRITE;
/*!40000 ALTER TABLE `vdiaria` DISABLE KEYS */;
INSERT INTO `vdiaria` VALUES (1,1001,'2017-02-01 04:04:42',18,15,5),(2,1001,'2017-02-01 04:04:42',3,30,5),(3,1001,'2017-02-01 04:04:42',19,65,5),(4,1001,'2017-02-01 04:04:42',76,20,5),(5,1001,'2017-02-01 04:04:42',81,10,5),(6,1001,'2017-02-01 04:04:42',24,25,5),(7,1001,'2017-02-01 04:04:42',36,5,5),(8,1001,'2017-02-01 04:04:42',50,20,5),(9,1001,'2017-02-01 04:04:42',10,25,5),(10,1001,'2017-02-01 04:04:42',64,30,5),(11,1001,'2017-02-01 04:04:42',1,40,5),(12,1001,'2017-02-01 04:04:42',11,50,5),(13,1001,'2017-02-01 04:04:42',35,25,5),(14,1001,'2017-02-01 04:04:42',62,5,5),(15,1001,'2017-02-01 04:04:42',55,5,5),(16,1001,'2017-02-01 04:04:42',17,10,5),(17,1001,'2017-02-01 04:04:42',2,25,5),(18,1001,'2017-02-01 04:04:42',53,5,5),(19,1001,'2017-02-01 04:04:42',14,5,5),(20,1001,'2017-02-01 04:04:42',37,5,5),(21,1001,'2017-02-01 04:04:42',7,5,5),(22,1001,'2017-02-01 04:04:42',82,5,5),(23,1001,'2017-02-01 04:04:42',21,5,5),(24,1001,'2017-02-01 04:04:42',31,20,5),(25,1001,'2017-02-01 04:04:42',38,10,5),(26,1001,'2017-02-01 04:04:42',4,15,5),(27,1001,'2017-02-01 04:04:42',13,15,5),(28,1001,'2017-02-01 04:04:42',91,50,5),(29,1001,'2017-02-01 04:04:42',54,10,5),(30,1001,'2017-02-01 04:04:42',15,10,5),(31,1001,'2017-02-01 04:04:42',45,20,5),(32,1001,'2017-02-01 04:04:42',28,20,5),(33,1001,'2017-02-01 04:04:42',71,5,5),(34,1001,'2017-02-01 04:04:42',22,15,5),(35,1001,'2017-02-01 04:04:42',33,10,5),(36,1001,'2017-02-01 04:04:42',44,5,5),(37,1001,'2017-02-01 04:04:42',1,5,5),(38,1001,'2017-02-01 04:04:42',28,25,5),(39,1001,'2017-02-01 04:04:42',1,5,5),(40,1001,'2017-02-01 04:04:42',82,35,5),(41,1001,'2017-02-01 04:04:42',66,10,5),(42,1001,'2017-02-01 04:04:42',33,10,5),(43,1001,'2017-02-01 04:04:42',0,5,5),(44,1001,'2017-02-01 04:04:42',87,5,5),(45,1001,'2017-02-01 04:04:42',13,10,5),(46,1001,'2017-02-01 04:04:42',76,80,5),(47,1001,'2017-02-01 04:04:42',67,10,5),(48,1001,'2017-02-01 04:04:42',16,10,5),(49,1001,'2017-02-01 04:04:42',73,50,5),(50,1001,'2017-02-01 04:04:42',11,60,5),(51,1001,'2017-02-01 04:04:42',31,10,5),(52,1001,'2017-02-01 04:04:42',54,30,5),(53,1001,'2017-02-01 04:18:33',3,30,4),(54,1001,'2017-02-01 04:18:33',19,65,4),(55,1001,'2017-02-01 04:18:33',24,25,4),(56,1001,'2017-02-01 04:18:33',76,20,4),(57,1001,'2017-02-01 04:18:33',18,20,4),(58,1001,'2017-02-01 04:18:33',64,30,4),(59,1001,'2017-02-01 04:18:33',81,10,4),(60,1001,'2017-02-01 04:18:33',36,5,4),(61,1001,'2017-02-01 04:18:33',50,20,4),(62,1001,'2017-02-01 04:18:33',11,50,4),(63,1001,'2017-02-01 04:18:33',1,40,4),(64,1001,'2017-02-01 04:18:33',35,25,4),(65,1001,'2017-02-01 04:18:33',10,25,4),(66,1001,'2017-02-01 04:18:33',62,5,4),(67,1001,'2017-02-01 04:18:33',17,10,4),(68,1001,'2017-02-01 04:18:33',2,25,4),(69,1001,'2017-02-01 04:18:33',55,5,4),(70,1001,'2017-02-01 04:18:33',14,5,4),(71,1001,'2017-02-01 04:18:33',7,5,4),(72,1001,'2017-02-01 04:18:33',53,5,4),(73,1001,'2017-02-01 04:18:33',37,5,4),(74,1001,'2017-02-01 04:18:33',82,5,4),(75,1001,'2017-02-01 04:18:33',31,20,4),(76,1001,'2017-02-01 04:18:33',21,5,4),(77,1001,'2017-02-01 04:18:33',91,50,4),(78,1001,'2017-02-01 04:18:33',38,10,4),(79,1001,'2017-02-01 04:18:33',4,15,4),(80,1001,'2017-02-01 04:18:33',54,10,4),(81,1001,'2017-02-01 04:18:33',13,15,4),(82,1001,'2017-02-01 04:18:33',15,10,4),(83,1001,'2017-02-01 04:18:33',45,20,4),(84,1001,'2017-02-01 04:18:33',22,15,4),(85,1001,'2017-02-01 04:18:33',71,5,4),(86,1001,'2017-02-01 04:18:33',28,20,4),(87,1001,'2017-02-01 04:18:33',1,5,4),(88,1001,'2017-02-01 04:18:33',33,10,4),(89,1001,'2017-02-01 04:18:33',82,35,4),(90,1001,'2017-02-01 04:18:33',44,5,4),(91,1001,'2017-02-01 04:18:33',66,10,4),(92,1001,'2017-02-01 04:18:33',33,10,4),(93,1001,'2017-02-01 04:18:33',28,25,4),(94,1001,'2017-02-01 04:18:33',1,5,4),(95,1001,'2017-02-01 04:18:33',0,5,4),(96,1001,'2017-02-01 04:18:33',87,5,4),(97,1001,'2017-02-01 04:18:33',67,10,4),(98,1001,'2017-02-01 04:18:33',76,80,4),(99,1001,'2017-02-01 04:18:33',31,10,4),(100,1001,'2017-02-01 04:18:33',13,10,4),(101,1001,'2017-02-01 04:18:33',16,10,4),(102,1001,'2017-02-01 04:18:33',73,45,4),(103,1001,'2017-02-01 04:18:33',54,30,4),(104,1001,'2017-02-01 04:18:33',11,60,4),(105,1001,'2017-02-01 04:22:53',3,30,6),(106,1001,'2017-02-01 04:22:53',18,20,6),(107,1001,'2017-02-01 04:22:53',76,20,6),(108,1001,'2017-02-01 04:22:53',64,30,6),(109,1001,'2017-02-01 04:22:53',24,25,6),(110,1001,'2017-02-01 04:22:53',19,65,6),(111,1001,'2017-02-01 04:22:53',81,10,6),(112,1001,'2017-02-01 04:22:53',36,5,6),(113,1001,'2017-02-01 04:22:53',1,40,6),(114,1001,'2017-02-01 04:22:53',50,20,6),(115,1001,'2017-02-01 04:22:53',11,50,6),(116,1001,'2017-02-01 04:22:53',10,25,6),(117,1001,'2017-02-01 04:22:53',35,25,6),(118,1001,'2017-02-01 04:22:53',62,5,6),(119,1001,'2017-02-01 04:22:53',2,25,6),(120,1001,'2017-02-01 04:22:53',17,10,6),(121,1001,'2017-02-01 04:22:53',55,5,6),(122,1001,'2017-02-01 04:22:53',14,5,6),(123,1001,'2017-02-01 04:22:53',53,5,6),(124,1001,'2017-02-01 04:22:53',82,5,6),(125,1001,'2017-02-01 04:22:53',7,5,6),(126,1001,'2017-02-01 04:22:53',37,5,6),(127,1001,'2017-02-01 04:22:53',21,5,6),(128,1001,'2017-02-01 04:22:53',31,20,6),(129,1001,'2017-02-01 04:22:53',38,10,6),(130,1001,'2017-02-01 04:22:53',91,50,6),(131,1001,'2017-02-01 04:22:53',4,15,6),(132,1001,'2017-02-01 04:22:53',13,15,6),(133,1001,'2017-02-01 04:22:53',54,10,6),(134,1001,'2017-02-01 04:22:53',45,20,6),(135,1001,'2017-02-01 04:22:53',15,10,6),(136,1001,'2017-02-01 04:22:53',22,15,6),(137,1001,'2017-02-01 04:22:53',71,5,6),(138,1001,'2017-02-01 04:22:53',28,20,6),(139,1001,'2017-02-01 04:22:53',33,10,6),(140,1001,'2017-02-01 04:22:53',1,5,6),(141,1001,'2017-02-01 04:22:53',44,5,6),(142,1001,'2017-02-01 04:22:53',28,25,6),(143,1001,'2017-02-01 04:22:53',82,35,6),(144,1001,'2017-02-01 04:22:53',33,10,6),(145,1001,'2017-02-01 04:22:53',66,10,6),(146,1001,'2017-02-01 04:22:53',0,5,6),(147,1001,'2017-02-01 04:22:53',1,5,6),(148,1001,'2017-02-01 04:22:53',87,5,6),(149,1001,'2017-02-01 04:22:53',76,80,6),(150,1001,'2017-02-01 04:22:53',67,10,6),(151,1001,'2017-02-01 04:22:53',16,10,6),(152,1001,'2017-02-01 04:22:53',31,10,6),(153,1001,'2017-02-01 04:22:53',13,10,6),(154,1001,'2017-02-01 04:22:53',73,45,6),(155,1001,'2017-02-01 04:22:53',11,60,6),(156,1001,'2017-02-01 04:22:53',54,30,6);
/*!40000 ALTER TABLE `vdiaria` ENABLE KEYS */;
UNLOCK TABLES;
/*!40103 SET TIME_ZONE=@OLD_TIME_ZONE */;

/*!40101 SET SQL_MODE=@OLD_SQL_MODE */;
/*!40014 SET FOREIGN_KEY_CHECKS=@OLD_FOREIGN_KEY_CHECKS */;
/*!40014 SET UNIQUE_CHECKS=@OLD_UNIQUE_CHECKS */;
/*!40101 SET CHARACTER_SET_CLIENT=@OLD_CHARACTER_SET_CLIENT */;
/*!40101 SET CHARACTER_SET_RESULTS=@OLD_CHARACTER_SET_RESULTS */;
/*!40101 SET COLLATION_CONNECTION=@OLD_COLLATION_CONNECTION */;
/*!40111 SET SQL_NOTES=@OLD_SQL_NOTES */;

-- Dump completed on 2017-02-04 22:07:43
